epoch,val_loss,val_acc
1,0.997996,0.674075
2,0.350076,0.818520
3,0.272394,0.837038
4,0.229257,0.874076
5,0.207376,0.881483
6,0.202702,0.888890
7,0.190140,0.885187
8,0.193226,0.888890
9,0.178181,0.888890
10,0.167517,0.896298
11,0.168284,0.888890
12,0.163158,0.892594
13,0.157183,0.892594
14,0.157474,0.896298
15,0.146550,0.896298
16,0.149172,0.896298
17,0.151422,0.896298
18,0.143754,0.900002
19,0.145306,0.896298
20,0.139056,0.903705
21,0.143193,0.896298
22,0.138034,0.900002
23,0.137697,0.903705
24,0.134304,0.903705
25,0.134549,0.903705
26,0.131177,0.903705
27,0.131694,0.903705
28,0.130514,0.903705
29,0.129097,0.903705
30,0.128653,0.907409
31,0.127551,0.907409
32,0.125265,0.907409
33,0.125167,0.907409
34,0.126026,0.907409
35,0.126065,0.907409
36,0.125386,0.903705
37,0.124834,0.907409
38,0.124434,0.907409
39,0.123690,0.907409
40,0.123825,0.911113
41,0.122540,0.907409
42,0.123533,0.907409
43,0.121857,0.907409
44,0.122243,0.907409
45,0.120611,0.907409
46,0.121129,0.907409
47,0.120221,0.907409
48,0.120684,0.907409
49,0.119444,0.907409
50,0.119752,0.907409
51,0.118956,0.911113
52,0.120116,0.911113
53,0.118883,0.911113
54,0.118238,0.911113
55,0.119103,0.911113
